{
  "music.8_bits_pieces_and_chunks_city": {
    "sounds": [
      {
        "name": "music/8_bits,_pieces_and_chunks_city",
        "stream": true
      }
    ]
  },
  "music.agile_accelerando_tumble": {
    "sounds": [
      {
        "name": "music/agile_accelerando_tumble",
        "stream": true
      }
    ]
  },
  "music.airship_adventurers_steampunk": {
    "sounds": [
      {
        "name": "music/airship_adventurers_steampunk",
        "stream": true
      }
    ]
  },
  "music.aviation_excalibur_2": {
    "sounds": [
      {
        "name": "music/aviation_excalibur_2",
        "stream": true
      }
    ]
  },
  "music.beat_around_the_block_city": {
    "sounds": [
      {
        "name": "music/beat_around_the_block_city",
        "stream": true
      }
    ]
  },
  "music.born_to_arms_fantasy": {
    "sounds": [
      {
        "name": "music/born_to_arms_fantasy",
        "stream": true
      }
    ]
  },
  "music.breakneck_boogie_tumble": {
    "sounds": [
      {
        "name": "music/breakneck_boogie_tumble",
        "stream": true
      }
    ]
  },
  "music.canyon_clearance_canyon_1": {
    "sounds": [
      {
        "name": "music/canyon_clearance_canyon_1",
        "stream": true
      }
    ]
  },
  "music.celtic_crossing_celtic_1": {
    "sounds": [
      {
        "name": "music/celtic_crossing_celtic_1",
        "stream": true
      }
    ]
  },
  "music.chop_chop_tumble": {
    "sounds": [
      {
        "name": "music/chop_chop_tumble",
        "stream": true
      }
    ]
  },
  "music.clockwork_crafter_steampunk": {
    "sounds": [
      {
        "name": "music/clockwork_crafter_steampunk",
        "stream": true
      }
    ]
  },
  "music.crafters_candy_canes_festive": {
    "sounds": [
      {
        "name": "music/crafters_candy_canes_festive",
        "stream": true
      }
    ]
  },
  "music.crusaders_fantasy": {
    "sounds": [
      {
        "name": "music/crusaders_fantasy",
        "stream": true
      }
    ]
  },
  "music.dance_of_the_blocks_shrunk": {
    "sounds": [
      {
        "name": "music/dance_of_the_blocks_shrunk",
        "stream": true
      }
    ]
  },
  "music.dashing_on_the_double_tumble": {
    "sounds": [
      {
        "name": "music/dashing_on_the_double_tumble",
        "stream": true
      }
    ]
  },
  "music.departures_map_7": {
    "sounds": [
      {
        "name": "music/departures_map_7",
        "stream": true
      }
    ]
  },
  "music.desert_duel_frontier": {
    "sounds": [
      {
        "name": "music/desert_duel_frontier",
        "stream": true
      }
    ]
  },
  "music.double_time_tumble": {
    "sounds": [
      {
        "name": "music/double_time_tumble",
        "stream": true
      }
    ]
  },
  "music.excalibur_excursion_excalibur_1": {
    "sounds": [
      {
        "name": "music/excalibur_excursion_excalibur_1",
        "stream": true
      }
    ]
  },
  "music.flight_of_fancy_map_3": {
    "sounds": [
      {
        "name": "music/flight_of_fancy_map_3",
        "stream": true
      }
    ]
  },
  "music.from_district_to_district_city": {
    "sounds": [
      {
        "name": "music/from_district_to_district_city",
        "stream": true
      }
    ]
  },
  "music.ghosts_in_the_tower_halloween": {
    "sounds": [
      {
        "name": "music/ghosts_in_the_tower_halloween",
        "stream": true
      }
    ]
  },
  "music.giftwrapped_festive": {
    "sounds": [
      {
        "name": "music/giftwrapped_festive",
        "stream": true
      }
    ]
  },
  "music.glide_map_1": {
    "sounds": [
      {
        "name": "music/glide_map_1",
        "stream": true
      }
    ]
  },
  "music.happy_halloween_halloween": {
    "sounds": [
      {
        "name": "music/happy_halloween_halloween",
        "stream": true
      }
    ]
  },
  "music.hastilude_fantasy": {
    "sounds": [
      {
        "name": "music/hastilude_fantasy",
        "stream": true
      }
    ]
  },
  "music.icaria_icarus_2": {
    "sounds": [
      {
        "name": "music/icaria_icarus_2",
        "stream": true
      }
    ]
  },
  "music.industrial_quarter_city": {
    "sounds": [
      {
        "name": "music/industrial_quarter_city",
        "stream": true
      }
    ]
  },
  "music.in_the_flow_map_4": {
    "sounds": [
      {
        "name": "music/in_the_flow_map_4",
        "stream": true
      }
    ]
  },
  "music.lickety_split_tumble": {
    "sounds": [
      {
        "name": "music/lickety_split_tumble",
        "stream": true
      }
    ]
  },
  "music.locomotion_body_1": {
    "sounds": [
      {
        "name": "music/locomotion_body_1",
        "stream": true
      }
    ]
  },
  "music.master_builder_shrunk": {
    "sounds": [
      {
        "name": "music/master_builder_shrunk",
        "stream": true
      }
    ]
  },
  "music.mobile_maneuvers_body_3": {
    "sounds": [
      {
        "name": "music/mobile_maneuvers_body_3",
        "stream": true
      }
    ]
  },
  "music.nimbly_does_it_tumble": {
    "sounds": [
      {
        "name": "music/nimbly_does_it_tumble",
        "stream": true
      }
    ]
  },
  "music.pacy_piloting_shrunk_3": {
    "sounds": [
      {
        "name": "music/pacy_piloting_shrunk_3",
        "stream": true
      }
    ]
  },
  "music.pixiu_chinese_mythology_2": {
    "sounds": [
      {
        "name": "music/pixiu_chinese_mythology_2",
        "stream": true
      }
    ]
  },
  "music.precincts_at_night_city": {
    "sounds": [
      {
        "name": "music/precincts_at_night_city",
        "stream": true
      }
    ]
  },
  "music.progression_and_passage_canyon_2": {
    "sounds": [
      {
        "name": "music/progression_and_passage_canyon_2",
        "stream": true
      }
    ]
  },
  "music.pronto_tumble": {
    "sounds": [
      {
        "name": "music/pronto_tumble",
        "stream": true
      }
    ]
  },
  "music.roaming_wanderer_canyon_3": {
    "sounds": [
      {
        "name": "music/roaming_wanderer_canyon_3",
        "stream": true
      }
    ]
  },
  "music.shrunk_soaring_shrunk_1": {
    "sounds": [
      {
        "name": "music/shrunk_soaring_shrunk_1",
        "stream": true
      }
    ]
  },
  "music.soothing_voyage_map_2": {
    "sounds": [
      {
        "name": "music/soothing_voyage_map_2",
        "stream": true
      }
    ]
  },
  "music.steaming_superstructures_steampunk": {
    "sounds": [
      {
        "name": "music/steaming_superstructures_steampunk",
        "stream": true
      }
    ]
  },
  "music.sunset_riders_frontier": {
    "sounds": [
      {
        "name": "music/sunset_riders_frontier",
        "stream": true
      }
    ]
  },
  "music.swift_descent_tumble": {
    "sounds": [
      {
        "name": "music/swift_descent_tumble",
        "stream": true
      }
    ]
  },
  "music.tense_takeoff_map_6": {
    "sounds": [
      {
        "name": "music/tense_takeoff_map_6",
        "stream": true
      }
    ]
  },
  "music.tianma_chinese_mythology_3": {
    "sounds": [
      {
        "name": "music/tianma_chinese_mythology_3",
        "stream": true
      }
    ]
  },
  "music.time_is_of_the_essence_tumble": {
    "sounds": [
      {
        "name": "music/time_is_of_the_essence_tumble",
        "stream": true
      }
    ]
  },
  "music.tour_of_tors_celtic_2": {
    "sounds": [
      {
        "name": "music/tour_of_tors_celtic_2",
        "stream": true
      }
    ]
  },
  "music.toys_on_a_tear_shrunk": {
    "sounds": [
      {
        "name": "music/toys_on_a_tear_shrunk",
        "stream": true
      }
    ]
  },
  "music.velocity_and_dynamism_body_2": {
    "sounds": [
      {
        "name": "music/velocity_and_dynamism_body_2",
        "stream": true
      }
    ]
  },
  "music.warped_world_halloween": {
    "sounds": [
      {
        "name": "music/warped_world_halloween",
        "stream": true
      }
    ]
  },
  "music.wicked_wings_shrunk_2": {
    "sounds": [
      {
        "name": "music/wicked_wings_shrunk_2",
        "stream": true
      }
    ]
  },
  "music.wings_of_daedalus_icarus_1": {
    "sounds": [
      {
        "name": "music/wings_of_daedalus_icarus_1",
        "stream": true
      }
    ]
  },
  "music.wonderful_wings_map_5": {
    "sounds": [
      {
        "name": "music/wonderful_wings_map_5",
        "stream": true
      }
    ]
  },
  "music.wondrous_workshop_festive": {
    "sounds": [
      {
        "name": "music/wondrous_workshop_festive",
        "stream": true
      }
    ]
  },
  "music.yinglong_chinese_mythology_1": {
    "sounds": [
      {
        "name": "music/yinglong_chinese_mythology_1",
        "stream": true
      }
    ]
  }
}
